# Einarsson, P. and Saemundsson, K., 1987. Earthquake epicenters 1982-1985 and volcanic systems in Iceland. Menningarsjódur.  &  Sæmundsson, K., 1979. Outline of the geology of Iceland. Jökull, 29, pp.7-28.
-23.9620000000,63.3930000000
-23.9610000000,63.3920000000
-23.9530000000,63.3860000000
-23.9440000000,63.3800000000
-23.9370000000,63.3790000000
